{
  "all_positive": {
    "Return.annualized": 0.253046868482302,
    "Return.cumulative": 0.206811470954885,
    "StdDev.annualized": 0.0255603860169078,
    "SharpeRatio.StdDev": 2.57499752327997,
    "DownsideDeviation.0": 0,
    "SortinoRatio.0": null,
    "SemiDeviation": 0.00492950301754649,
    "VaR.hist": null,
    "VaR.gaus": null,
    "ES.hist": null,
    "ES.gaus": null,
    "MaxDrawdown": -0,
    "UlcerIndex": 0,
    "PainIndex": 0,
    "AverageDrawdown": 0,
    "skewness.moment": 0.139941690962099,
    "kurtosis.excess": -0.960433152852979,
    "CAPM.beta": 1.09404990403071,
    "CAPM.alpha": 0.00729366602687139,
    "TrackingError": 0.0238914210544287,
    "ActivePremium": 0.116849179453695
  },
  "all_negative": {
    "Return.annualized": -0.205863208383593,
    "Return.cumulative": -0.174761595397919,
    "StdDev.annualized": 0.0255603860169078,
    "SharpeRatio.StdDev": -2.57499752327997,
    "DownsideDeviation.0": 0.0202484567313166,
    "SortinoRatio.0": -0.93834311681711,
    "SemiDeviation": 0.00496990945591567,
    "VaR.hist": -0.03,
    "VaR.gaus": -0.0305139753886603,
    "ES.hist": -0.03,
    "ES.gaus": -0.033438989652552,
    "MaxDrawdown": 0.174761595397919,
    "UlcerIndex": 0.11038779161392,
    "PainIndex": 0.0974067591664352,
    "AverageDrawdown": 0.174761595397919,
    "skewness.moment": -0.139941690962099,
    "kurtosis.excess": -0.960433152852979,
    "CAPM.beta": -1.09404990403071,
    "CAPM.alpha": -0.00729366602687139,
    "TrackingError": 0.029577018105279,
    "ActivePremium": -0.3420608974122
  },
  "starts_with_loss": {
    "Return.annualized": 0.120434114675168,
    "Return.cumulative": 0.0993988280987104,
    "StdDev.annualized": 0.113137084989848,
    "SharpeRatio.StdDev": 0.306186217847897,
    "DownsideDeviation.0": 0.017606816861659,
    "SortinoRatio.0": 0.567961834247065,
    "SemiDeviation": 0.0230217288664427,
    "VaR.hist": -0.0365,
    "VaR.gaus": -0.0409639256330553,
    "ES.hist": -0.05,
    "ES.gaus": -0.0539108188118801,
    "MaxDrawdown": 0.05,
    "UlcerIndex": 0.0191475585911103,
    "PainIndex": 0.01217,
    "AverageDrawdown": 0.0225,
    "skewness.moment": -0.302576823922455,
    "kurtosis.excess": -0.669270833333332,
    "CAPM.beta": -1.9193857965451,
    "CAPM.alpha": 0.0305374280230326,
    "TrackingError": 0.114612971924357,
    "ActivePremium": -0.0157635743534392
  },
  "constant_pos": {
    "Return.annualized": 0.12682503013197,
    "Return.cumulative": 0.12682503013197,
    "StdDev.annualized": 0,
    "SharpeRatio.StdDev": null,
    "DownsideDeviation.0": 0,
    "SortinoRatio.0": null,
    "SemiDeviation": 0,
    "VaR.hist": null,
    "VaR.gaus": null,
    "ES.hist": null,
    "ES.gaus": null,
    "MaxDrawdown": -0,
    "UlcerIndex": 0,
    "PainIndex": 0,
    "AverageDrawdown": 0,
    "skewness.moment": null,
    "kurtosis.excess": null
  },
  "constant_neg": {
    "Return.annualized": -0.113615128283871,
    "Return.cumulative": -0.113615128283871,
    "StdDev.annualized": 0,
    "SharpeRatio.StdDev": null,
    "DownsideDeviation.0": 0.01,
    "SortinoRatio.0": -1,
    "SemiDeviation": 0,
    "VaR.hist": -0.01,
    "VaR.gaus": -0.01,
    "ES.hist": -0.01,
    "ES.gaus": -0.01,
    "MaxDrawdown": 0.113615128283871,
    "UlcerIndex": 0.0706077271532001,
    "PainIndex": 0.0626751916580667,
    "AverageDrawdown": 0.113615128283871,
    "skewness.moment": null,
    "kurtosis.excess": null
  },
  "two_obs": {
    "Return.annualized": 0.116262152568019,
    "Return.cumulative": 0.0185,
    "StdDev.annualized": 0.195959179422654,
    "SharpeRatio.StdDev": 0.176776695296637,
    "DownsideDeviation.0": 0.0212132034355964,
    "SortinoRatio.0": 0.471404520791032,
    "SemiDeviation": 0.0282842712474619,
    "VaR.hist": -0.026,
    "VaR.gaus": -0.0557941450780589,
    "ES.hist": -0.03,
    "ES.gaus": -0.0725085123002971,
    "MaxDrawdown": 0.03,
    "UlcerIndex": 0.0212132034355964,
    "PainIndex": 0.015,
    "AverageDrawdown": 0.03,
    "skewness.moment": 0,
    "kurtosis.excess": -2
  },
  "single_obs": {
    "Return.annualized": 0.79585632602213,
    "Return.cumulative": 0.05,
    "StdDev.annualized": null,
    "SharpeRatio.StdDev": null,
    "DownsideDeviation.0": 0,
    "SortinoRatio.0": null,
    "SemiDeviation": 0,
    "VaR.hist": null,
    "VaR.gaus": null,
    "ES.hist": null,
    "ES.gaus": null,
    "MaxDrawdown": -0,
    "UlcerIndex": 0,
    "PainIndex": 0,
    "AverageDrawdown": 0,
    "skewness.moment": null,
    "kurtosis.excess": null
  },
  "mixed_zeros": {
    "Return.annualized": 0.0114048398984365,
    "Return.cumulative": 0.00949504039999982,
    "StdDev.annualized": 0.0381226092146555,
    "SharpeRatio.StdDev": 0.0908673799223074,
    "DownsideDeviation.0": 0.00707106781186548,
    "SortinoRatio.0": 0.14142135623731,
    "SemiDeviation": 0.00752994023880668,
    "VaR.hist": -0.0155,
    "VaR.gaus": -0.0161727760276666,
    "ES.hist": -0.02,
    "ES.gaus": -0.020535353950233,
    "MaxDrawdown": 0.02,
    "UlcerIndex": 0.0109912692624646,
    "PainIndex": 0.00804,
    "AverageDrawdown": 0.015,
    "skewness.moment": -0.200352654156351,
    "kurtosis.excess": -0.0324888477400891,
    "CAPM.beta": -1.66986564299424,
    "CAPM.alpha": 0.0188675623800384,
    "TrackingError": 0.0418903330137157,
    "ActivePremium": -0.12479284913017
  },
  "high_vol": {
    "Return.annualized": -0.0485374779165052,
    "Return.cumulative": -0.0406146734079995,
    "StdDev.annualized": 0.593621652794662,
    "SharpeRatio.StdDev": 0.0525198405237824,
    "DownsideDeviation.0": 0.107563934476199,
    "SortinoRatio.0": 0.0836711676997225,
    "SemiDeviation": 0.113685970990268,
    "VaR.hist": -0.191,
    "VaR.gaus": -0.258403829344846,
    "ES.hist": -0.2,
    "ES.gaus": -0.32633519003051,
    "MaxDrawdown": 0.2384,
    "UlcerIndex": 0.138927673845062,
    "PainIndex": 0.111056,
    "AverageDrawdown": 0.179466666666666,
    "skewness.moment": 0.0730323431574781,
    "kurtosis.excess": -1.64240174355831,
    "CAPM.beta": -10.6142034548944,
    "CAPM.alpha": 0.12257197696737,
    "TrackingError": 0.594920835069675,
    "ActivePremium": -0.184735166945112
  },
  "benchmark_proxy": {
    "Return.annualized": 0.136197689028607,
    "Return.cumulative": 0.11227348572767,
    "StdDev.annualized": 0.00833466656001706,
    "SharpeRatio.StdDev": 4.44719497955514,
    "DownsideDeviation.0": 0,
    "SortinoRatio.0": null,
    "SemiDeviation": 0.00157638827704344,
    "VaR.hist": null,
    "VaR.gaus": null,
    "ES.hist": null,
    "ES.gaus": null,
    "MaxDrawdown": -0,
    "UlcerIndex": 0,
    "PainIndex": 0,
    "AverageDrawdown": 0,
    "skewness.moment": 0.169525074077939,
    "kurtosis.excess": -0.697558585475296
  },
  "_series": {
    "all_positive": [
      0.01,
      0.02,
      0.03,
      0.02,
      0.01,
      0.02,
      0.03,
      0.01,
      0.02,
      0.02
    ],
    "all_negative": [
      -0.01,
      -0.02,
      -0.03,
      -0.02,
      -0.01,
      -0.02,
      -0.03,
      -0.01,
      -0.02,
      -0.02
    ],
    "starts_with_loss": [
      -0.05,
      0.03,
      0.04,
      -0.02,
      0.01,
      0.06,
      -0.01,
      0.02,
      0.03,
      -0.01
    ],
    "constant_pos": [
      0.01,
      0.01,
      0.01,
      0.01,
      0.01,
      0.01,
      0.01,
      0.01,
      0.01,
      0.01,
      0.01,
      0.01
    ],
    "constant_neg": [
      -0.01,
      -0.01,
      -0.01,
      -0.01,
      -0.01,
      -0.01,
      -0.01,
      -0.01,
      -0.01,
      -0.01,
      -0.01,
      -0.01
    ],
    "two_obs": [
      0.05,
      -0.03
    ],
    "single_obs": [
      0.05
    ],
    "mixed_zeros": [
      0,
      0,
      0.01,
      -0.01,
      0,
      0.02,
      -0.02,
      0,
      0.01,
      0
    ],
    "high_vol": [
      0.15,
      -0.12,
      0.2,
      -0.18,
      0.1,
      -0.08,
      0.25,
      -0.2,
      0.12,
      -0.15
    ],