{
  "AGG": {
    "Return.annualized": 0.0213908302129431,
    "StdDev.annualized": 0.060962334877073,
    "SharpeRatio": -0.0718700481536755,
    "SortinoRatio": -0.00353691344468088,
    "OmegaRatio": 0.992360147900761,
    "RachevRatio": 0.975680077348863,
    "ProspectRatio": -0.525181554137018,
    "AdjustedSharpeRatio": 0.302258790021059,
    "VaR.Hist": -0.00559450570775201,
    "VaR.Gaus": -0.00622353709257588,
    "VaR.Mod": -0.00605256333737543,
    "ES.Hist": -0.00874222814144215,
    "ES.Gaus": -0.00782778124520234,
    "ES.Mod": -0.0147438925557442,
    "MaxDrawdown": 0.18432924074816,
    "UlcerIndex": 0.0818522851299696,
    "CAPM.beta": 0.0466565123182191,
    "CAPM.alpha": -3.78164706761839e-05,
    "SpecificRisk": 0.0602568607336832,
    "SystematicRisk": 0.00916474516885373,
    "BurkeRatio": 0.125745352228059,
    "ModifiedBurkeRatio": 5.33195880566527,
    "Modigliani": 6.90935354013807e-05,
    "FamaBeta": 0.310389727626223,
    "MeanAbsoluteDeviation": 0.00261640204672653,
    "DownsideFrequency": 0.489432703003337,
    "M2Sortino": 0.0210564996680001,
    "MSquared": 0.0686907216592801,
    "MSquaredExcess_geom": -0.0858942313255089,
    "MSquaredExcess_arith": -0.100419854252462,
    "NetSelectivity": -0.0311692912096867,
    "OmegaExcessReturn": 0.00254091014955044,
    "OmegaSharpeRatio": -0.00763985209923694,
    "DownsideSharpeRatio": -0.0025050730815356,
    "Return.cumulative": 0.163011117321002,
    "Kappa": -0.00353691344468043,
    "AnnualizedExcessReturn": -0.126352244811059,
    "AverageDrawdown": 0.00921813510677157,
    "AverageLength": 40.4883720930233,
    "AverageRecovery": 24.4186046511628,
    "DrawdownDeviation": 0.00495381704394877,
    "CDD": 0.00774786794444887,
    "CDaR.beta": 0.336882223431316,
    "CDaR.alpha": -0.0413598999601906,
    "ProbSharpeRatio": 0.623082772853139,
    "MinTrackRecord": 49441.7976442741,
    "HerfindahlIndex": 0.0794881052069808,
    "table.InformationRatio": {
      "Tracking Error": 0.0123927253470057,
      "Annualised Tracking Error": 0.196728416007022,
      "Information Ratio": -0.750881589437116
    },
    "table.SpecificRisk": {
      "Specific Risk": 0.0602568607336832,
      "Systematic Risk": 0.00916474516885373,
      "Total Risk": 0.0609498303483162
    }
  },
  "GLD": {
    "Return.annualized": 0.213905634195893,
    "StdDev.annualized": 0.168518149871269,
    "SharpeRatio": 1.08776682771774,
    "SortinoRatio": 0.0973460496755176,
    "OmegaRatio": 1.21196573031146,
    "RachevRatio": 1.02618985971627,
    "ProspectRatio": -0.455386291015692,
    "AdjustedSharpeRatio": 0.418547348521493,
    "VaR.Hist": -0.015886436424607,
    "VaR.Gaus": -0.0166302464932227,
    "VaR.Mod": -0.0168517698689479,
    "ES.Hist": -0.0242909152071138,
    "ES.Gaus": -0.021064857750937,
    "ES.Mod": -0.0365405513399421,
    "MaxDrawdown": 0.220021681347155,
    "UlcerIndex": 0.080927937404466,
    "CAPM.beta": 0.0856655577518006,
    "CAPM.alpha": 0.000673651598125611,
    "SpecificRisk": 0.167626190366944,
    "SystematicRisk": 0.0168272973596527,
    "BurkeRatio": 0.512144654101151,
    "ModifiedBurkeRatio": 21.7163827515185,
    "Modigliani": 0.000946003497025891,
    "FamaBeta": 0.858010158962757,
    "MeanAbsoluteDeviation": 0.007526035238149,
    "DownsideFrequency": 0.456062291434928,
    "M2Sortino": 0.215986662284343,
    "MSquared": 0.249287531467518,
    "MSquaredExcess_geom": 0.0685794459546729,
    "MSquaredExcess_arith": 0.0801769555557759,
    "NetSelectivity": 0.0687926423815612,
    "OmegaExcessReturn": 0.164431859704938,
    "OmegaSharpeRatio": 0.211965730311458,
    "DownsideSharpeRatio": 0.0658149925033909,
    "Return.cumulative": 2.98706002389744,
    "Kappa": 0.0973460496755175,
    "AnnualizedExcessReturn": 0.0383155017216548,
    "AverageDrawdown": 0.0259463097623633,
    "AverageLength": 24.5652173913043,
    "AverageRecovery": 11.4492753623188,
    "DrawdownDeviation": 0.00881527858911244,
    "CDD": 0.058925675713746,
    "CDaR.beta": 0.186019218894175,
    "CDaR.alpha": 0.195618739319878,
    "ProbSharpeRatio": 0.997652840762799,
    "MinTrackRecord": 609.219863908067,
    "HerfindahlIndex": 0.0912976032498701,
    "table.InformationRatio": {
      "Tracking Error": 0.0154754098751297,
      "Annualised Tracking Error": 0.245664515798317,
      "Information Ratio": 0.182342403576618
    },
    "table.SpecificRisk": {
      "Specific Risk": 0.167626190366944,
      "Systematic Risk": 0.0168272973596527,
      "Total Risk": 0.168468684429378
    }
  },
  "SPY": {
    "Return.annualized": 0.169110575911742,
    "StdDev.annualized": 0.196405774583124,
    "SharpeRatio": 0.710878259751912,
    "SortinoRatio": 0.0677422665532386,
    "OmegaRatio": 1.15894413497162,
    "RachevRatio": 0.941478337332169,
    "ProspectRatio": -0.447067747603935,
    "AdjustedSharpeRatio": 0.456362194124462,
    "VaR.Hist": -0.0176249959891469,
    "VaR.Gaus": -0.0196481994243335,
    "VaR.Mod": -0.0172021858269671,
    "ES.Hist": -0.029730644939333,
    "ES.Gaus": -0.0248166828174383,
    "ES.Mod": -0.0226718915381694,
    "MaxDrawdown": 0.337172608413628,
    "UlcerIndex": 0.0764087116616593,
    "CAPM.beta": 0.999999999999999,
    "CAPM.alpha": 6.61154865231747e-19,
    "SpecificRisk": 8.71984447591214e-17,
    "SystematicRisk": 0.196430138334085,
    "BurkeRatio": 0.332568901162353,
    "ModifiedBurkeRatio": 14.1018626106115,
    "Modigliani": 0.000696928912145669,
    "FamaBeta": 1,
    "MeanAbsoluteDeviation": 0.00804872632893236,
    "DownsideFrequency": 0.447719688542825,
    "M2Sortino": 0.169110575911742,
    "MSquared": 0.169110575911742,
    "MSquaredExcess_geom": 0,
    "MSquaredExcess_arith": 0,
    "NetSelectivity": -1.36730360510532e-17,
    "OmegaExcessReturn": 0.110686979795432,
    "OmegaSharpeRatio": 0.158944134971616,
    "DownsideSharpeRatio": 0.0465289192442084,
    "Return.cumulative": 2.04890746505919,
    "Kappa": 0.0677422665532385,
    "AnnualizedExcessReturn": 0,
    "AverageDrawdown": 0.0174563251076191,
    "AverageLength": 11.5140845070423,
    "AverageRecovery": 6.70422535211269,
    "DrawdownDeviation": 0.0121554254993615,
    "CDD": 0.036606757274499,
    "CDaR.beta": 2.60437436862035,
    "CDaR.alpha": -0.307910501038908,
    "ProbSharpeRatio": 0.978565157133067,
    "MinTrackRecord": 1186.66563585823,
    "HerfindahlIndex": 0.127567336907035,
    "table.InformationRatio": {
      "Tracking Error": 0,
      "Annualised Tracking Error": 0,
      "Information Ratio": "NaN"
    },
    "table.SpecificRisk": {
      "Specific Risk": 8.71984447591214e-17,
      "Systematic Risk": 0.196430138334085,
      "Total Risk": 0.196430138334085
    }
  }
}
