{
  "TSLA": {
    "Return.annualized": 0.53810084330847,
    "StdDev.annualized": 0.659777755563077,
    "SharpeRatio": 0.754752570128646,
    "SortinoRatio": 0.0901877620742036,
    "OmegaRatio": 1.18015179980721,
    "RachevRatio": 1.13914989904241,
    "ProspectRatio": -0.529488772314758,
    "AdjustedSharpeRatio": 0.76667185486446,
    "VaR.Hist": -0.0601397651567864,
    "VaR.Gaus": -0.0657721470572514,
    "VaR.Mod": -0.0599484298127648,
    "ES.Hist": -0.0889050840234573,
    "ES.Gaus": -0.0831336310462302,
    "ES.Mod": -0.0821222171240501,
    "MaxDrawdown": 0.736322174421912,
    "UlcerIndex": 0.304404134105585,
    "CAPM.beta": 1.60667905152293,
    "CAPM.alpha": 0.00132037889416412,
    "SpecificRisk": 0.521995780675289,
    "SystematicRisk": 0.403641617490211,
    "BurkeRatio": 0.346287347053084,
    "ModifiedBurkeRatio": 13.6157437080437,
    "Modigliani": 0.00104299739627416,
    "FamaBeta": 2.62657974097319,
    "MeanAbsoluteDeviation": 0.02980732071065,
    "DownsideFrequency": 0.475420439844761,
    "M2Sortino": 0.514955680956879,
    "MSquared": 0.204932313118511,
    "MSquaredExcess_geom": 0.0123017940908954,
    "MSquaredExcess_arith": 0.0146426977567119,
    "NetSelectivity": 0.038460213280973,
    "OmegaExcessReturn": 0.307502477730431,
    "OmegaSharpeRatio": 0.180151799807209,
    "DownsideSharpeRatio": 0.060963606751099,
    "Return.cumulative": 13.0325620398656,
    "Kappa": 0.0901877620742034,
    "AnnualizedExcessReturn": 0.292207227096534,
    "AverageDrawdown": 0.138741506430228,
    "AverageLength": 55.7777777777778,
    "AverageRecovery": 37.4444444444444,
    "DrawdownDeviation": 0.0318680322900427,
    "CDD": 0.423782708224917,
    "CDaR.beta": 3.55330763613654,
    "CDaR.alpha": 0.0973155291246475,
    "ProbSharpeRatio": 0.990516634858903,
    "MinTrackRecord": 760.379340041046,
    "HerfindahlIndex": 0.100607783899679,
    "table.InformationRatio": {
      "Tracking Error": 0.0342604692540084,
      "Annualised Tracking Error": 0.543868088678885,
      "Information Ratio": 0.639513946831376
    },
    "table.SpecificRisk": {
      "Specific Risk": 0.521995780675289,
      "Systematic Risk": 0.403641617490211,
      "Total Risk": 0.659853127910232
    }
  },
  "NVDA": {
    "Return.annualized": 0.73780445384742,
    "StdDev.annualized": 0.528469452430175,
    "SharpeRatio": 1.31073666288717,
    "SortinoRatio": 0.121944763703169,
    "OmegaRatio": 1.24283867501013,
    "RachevRatio": 1.12599639468817,
    "ProspectRatio": -0.498167158889931,
    "AdjustedSharpeRatio": 0.997999075608649,
    "VaR.Hist": -0.0488223866445936,
    "VaR.Gaus": -0.0519948997832704,
    "VaR.Mod": -0.0454974422187516,
    "ES.Hist": -0.0695685425181533,
    "ES.Gaus": -0.0659011187481711,
    "ES.Mod": -0.0580946502562637,
    "MaxDrawdown": 0.663350993862909,
    "UlcerIndex": 0.236936577832827,
    "CAPM.beta": 1.69169862489768,
    "CAPM.alpha": 0.0014358303009821,
    "SpecificRisk": 0.313816019825524,
    "SystematicRisk": 0.425000854160899,
    "BurkeRatio": 0.621053668739764,
    "ModifiedBurkeRatio": 24.4193374504227,
    "Modigliani": 0.00135980561717113,
    "FamaBeta": 2.10384049139649,
    "MeanAbsoluteDeviation": 0.024252739558542,
    "DownsideFrequency": 0.458602846054334,
    "M2Sortino": 0.717492214259108,
    "MSquared": 0.350749009612018,
    "MSquaredExcess_geom": 0.134807018543505,
    "MSquaredExcess_arith": 0.160459394250219,
    "NetSelectivity": 0.337580970848564,
    "OmegaExcessReturn": 0.55508002819784,
    "OmegaSharpeRatio": 0.242838675010125,
    "DownsideSharpeRatio": 0.0811364493920771,
    "Return.cumulative": 28.6747118350949,
    "Kappa": 0.121944763703169,
    "AnnualizedExcessReturn": 0.459984554531461,
    "AverageDrawdown": 0.066177929340223,
    "AverageLength": 18.3164556962025,
    "AverageRecovery": 9.12658227848102,
    "DrawdownDeviation": 0.0276585432326498,
    "CDD": 0.170561782361332,
    "CDaR.beta": 3.46258405338572,
    "CDaR.alpha": 0.204386820558236,
    "ProbSharpeRatio": 0.999205181400019,
    "MinTrackRecord": 420.192326250511,
    "HerfindahlIndex": 0.0989465125574703,
    "table.InformationRatio": {
      "Tracking Error": 0.0226076342748254,
      "Annualised Tracking Error": 0.358885068136128,
      "Information Ratio": 1.52559938291427
    },
    "table.SpecificRisk": {
      "Specific Risk": 0.313816019825524,
      "Systematic Risk": 0.425000854160899,
      "Total Risk": 0.52830504477681
    }
  },
  "AMD": {
    "Return.annualized": 0.257467272824652,
    "StdDev.annualized": 0.543374525341482,
    "SharpeRatio": 0.413584747716276,
    "SortinoRatio": 0.0613408046675711,
    "OmegaRatio": 1.11971799665465,
    "RachevRatio": 1.11332819814007,
    "ProspectRatio": -0.571595854839859,
    "AdjustedSharpeRatio": 0.471036752589235,
    "VaR.Hist": -0.0521606900971437,
    "VaR.Gaus": -0.0547939424469839,
    "VaR.Mod": -0.0469438810155588,
    "ES.Hist": -0.0730516133781108,
    "ES.Gaus": -0.0690923755817658,
    "ES.Mod": -0.0554766828196457,
    "MaxDrawdown": 0.654499429550688,
    "UlcerIndex": 0.316148308421488,
    "CAPM.beta": 1.55624595510074,
    "CAPM.alpha": 0.000277161519449673,
    "SpecificRisk": 0.377257050183657,
    "SystematicRisk": 0.39097144755453,
    "BurkeRatio": 0.203965757871765,
    "ModifiedBurkeRatio": 8.01977175323453,
    "Modigliani": 0.000745147309970346,
    "FamaBeta": 2.16317768822749,
    "MeanAbsoluteDeviation": 0.0245785289192955,
    "DownsideFrequency": 0.502587322121604,
    "M2Sortino": 0.246341606005922,
    "MSquared": 0.119078982113838,
    "MSquaredExcess_geom": -0.0598263080925187,
    "MSquaredExcess_arith": -0.0712106332479605,
    "NetSelectivity": -0.154041253006539,
    "OmegaExcessReturn": 0.0668729233541524,
    "OmegaSharpeRatio": 0.119717996654648,
    "DownsideSharpeRatio": 0.0420342712494568,
    "Return.cumulative": 3.07759700480216,
    "Kappa": 0.0613408046675708,
    "AnnualizedExcessReturn": 0.0564380774190272,
    "AverageDrawdown": 0.109752625367948,
    "AverageLength": 48.7741935483871,
    "AverageRecovery": 22.258064516129,
    "DrawdownDeviation": 0.0278205011536783,
    "CDD": 0.271743616771334,
    "CDaR.beta": 3.55154181840637,
    "CDaR.alpha": -0.356039849031856,
    "ProbSharpeRatio": 0.945821879434285,
    "MinTrackRecord": 1622.41631127677,
    "HerfindahlIndex": 0.111995616082157,
    "table.InformationRatio": {
      "Tracking Error": 0.0253504581812209,
      "Annualised Tracking Error": 0.40242604781432,
      "Information Ratio": 0.166931683045152
    },
    "table.SpecificRisk": {
      "Specific Risk": 0.377257050183657,
      "Systematic Risk": 0.39097144755453,
      "Total Risk": 0.543306133516049
    }
  },
  "BRK.A": {
    "Return.annualized": 0.138132475536342,
    "StdDev.annualized": 0.20584858984229,
    "SharpeRatio": 0.527154720815657,
    "SortinoRatio": 0.0547096191836008,
    "OmegaRatio": 1.11579096603222,
    "RachevRatio": 1.02949038910208,
    "ProspectRatio": -0.517523163274705,
    "AdjustedSharpeRatio": 0.558830197736386,
    "VaR.Hist": -0.0184743209297288,
    "VaR.Gaus": -0.0207246642639803,
    "VaR.Mod": -0.0185674867226592,
    "ES.Hist": -0.0292210954973196,
    "ES.Gaus": -0.026141392801078,
    "ES.Mod": -0.0272164074417432,
    "MaxDrawdown": 0.304287329332986,
    "UlcerIndex": 0.0965238394203481,
    "CAPM.beta": 0.435928329650114,
    "CAPM.alpha": 0.000182537425361252,
    "SpecificRisk": 0.174272866546326,
    "SystematicRisk": 0.109517091122207,
    "BurkeRatio": 0.27850115134116,
    "ModifiedBurkeRatio": 10.9504442808158,
    "Modigliani": 0.000706250390775425,
    "FamaBeta": 0.819484638923945,
    "MeanAbsoluteDeviation": 0.00898717584772247,
    "DownsideFrequency": 0.467658473479948,
    "M2Sortino": 0.140000013091815,
    "MSquared": 0.168537124887202,
    "MSquaredExcess_geom": -0.0182749561063636,
    "MSquaredExcess_arith": -0.0217524904745973,
    "NetSelectivity": -0.0178258318022719,
    "OmegaExcessReturn": 0.0620936675600879,