{
  "QQQ": {
    "Return.annualized": 0.21854283783214,
    "StdDev.annualized": 0.240735426410504,
    "SharpeRatio": 0.780157054135552,
    "SortinoRatio": 0.0747864683046343,
    "OmegaRatio": 1.16336491174713,
    "RachevRatio": 0.952642465254177,
    "ProspectRatio": -0.482773940910682,
    "AdjustedSharpeRatio": 0.654352481606714,
    "VaR.Hist": -0.0237485911231898,
    "VaR.Gaus": -0.024037313419427,
    "VaR.Mod": -0.0224847545629802,
    "ES.Hist": -0.0356441679273315,
    "ES.Gaus": -0.0303723463693269,
    "ES.Mod": -0.0383720427795073,
    "MaxDrawdown": 0.351187245613911,
    "UlcerIndex": 0.117950386639058,
    "CAPM.beta": 0.999999999999999,
    "CAPM.alpha": 9.75025872858436e-19,
    "SpecificRisk": 5.34261198731077e-16,
    "SystematicRisk": 0.240750685523942,
    "BurkeRatio": 0.364901687572766,
    "ModifiedBurkeRatio": 15.4728642592452,
    "Modigliani": 0.000899800348507916,
    "FamaBeta": 1,
    "MeanAbsoluteDeviation": 0.010500506368863,
    "DownsideFrequency": 0.438264738598443,
    "M2Sortino": 0.21854283783214,
    "MSquared": 0.21854283783214,
    "MSquaredExcess_geom": 0,
    "MSquaredExcess_arith": 0,
    "NetSelectivity": 6.73334103435225e-18,
    "OmegaExcessReturn": 0.132383530994027,
    "OmegaSharpeRatio": 0.163364911747129,
    "DownsideSharpeRatio": 0.0510995004958514,
    "Return.cumulative": 3.09701265297393,
    "Kappa": 0.074786468304635,
    "AnnualizedExcessReturn": 0,
    "AverageDrawdown": 0.0272331615355714,
    "AverageLength": 14.8545454545455,
    "AverageRecovery": 8.89090909090909,
    "DrawdownDeviation": 0.0144830896047371,
    "CDD": 0.0713193674269463,
    "CDaR.beta": 2.10173988447392,
    "CDaR.alpha": -0.28026930900776,
    "ProbSharpeRatio": 0.986807832209782,
    "MinTrackRecord": 987.04808257151,
    "HerfindahlIndex": 0.116373434554371,
    "table.InformationRatio": {
      "Tracking Error": 0,
      "Annualised Tracking Error": 0,
      "Information Ratio": "NaN"
    },
    "table.SpecificRisk": {
      "Specific Risk": 5.34261198731077e-16,
      "Systematic Risk": 0.240750685523942,
      "Total Risk": 0.240750685523942
    }
  },
  "IWM": {
    "Return.annualized": 0.111199859713314,
    "StdDev.annualized": 0.252775233889322,
    "SharpeRatio": 0.328965008896596,
    "SortinoRatio": 0.0391830224719702,
    "OmegaRatio": 1.08100937475332,
    "RachevRatio": 0.996282866051313,
    "ProspectRatio": -0.551195192320378,
    "AdjustedSharpeRatio": 0.398786497196438,
    "VaR.Hist": -0.0237041480818626,
    "VaR.Gaus": -0.0256383159896373,
    "VaR.Mod": -0.0255449368323626,
    "ES.Hist": -0.0362994664602585,
    "ES.Gaus": -0.0322901804845493,
    "ES.Mod": -0.0508565012471446,
    "MaxDrawdown": 0.410723738554298,
    "UlcerIndex": 0.143500889693953,
    "CAPM.beta": 0.801813248186444,
    "CAPM.alpha": -0.000195602732796997,
    "SpecificRisk": 0.163218472672643,
    "SystematicRisk": 0.193037089163066,
    "BurkeRatio": 0.165770147016307,
    "ModifiedBurkeRatio": 7.02912337862773,
    "Modigliani": 0.000524793640895823,
    "FamaBeta": 1.05001261201286,
    "MeanAbsoluteDeviation": 0.0114049586079298,
    "DownsideFrequency": 0.475528364849833,
    "M2Sortino": 0.110783091331075,
    "MSquared": 0.105908186633956,
    "MSquaredExcess_geom": -0.0924338871816502,
    "MSquaredExcess_arith": -0.112634651198184,
    "NetSelectivity": -0.118267804307762,
    "OmegaExcessReturn": 0.0196329031053156,
    "OmegaSharpeRatio": 0.081009374753321,
    "DownsideSharpeRatio": 0.027186298072633,
    "Return.cumulative": 1.12189336609441,
    "Kappa": 0.0391830224719706,
    "AnnualizedExcessReturn": -0.088091263422298,
    "AverageDrawdown": 0.0433146198665966,
    "AverageLength": 38.7777777777778,
    "AverageRecovery": 27.1333333333333,
    "DrawdownDeviation": 0.0148041513117478,
    "CDD": 0.091189104920398,
    "CDaR.beta": 1.5906304714373,
    "CDaR.alpha": -0.257182235430814,
    "ProbSharpeRatio": 0.880028110708232,
    "MinTrackRecord": 3521.73013881929,
    "HerfindahlIndex": 0.104660644441054,
    "table.InformationRatio": {
      "Tracking Error": 0.0107156440749534,
      "Annualised Tracking Error": 0.170105576161256,
      "Information Ratio": -0.631037385964742
    },
    "table.SpecificRisk": {
      "Specific Risk": 0.163218472672643,
      "Systematic Risk": 0.193037089163066,
      "Total Risk": 0.252791589286787
    }
  },
  "EEM": {
    "Return.annualized": 0.0923619419852544,
    "StdDev.annualized": 0.208313194396422,
    "SharpeRatio": 0.311144357113868,
    "SortinoRatio": 0.0356136501110775,
    "OmegaRatio": 1.07612618750894,
    "RachevRatio": 0.98725430876513,
    "ProspectRatio": -0.532112670561429,
    "AdjustedSharpeRatio": 0.384195242549541,
    "VaR.Hist": -0.0188241571976356,
    "VaR.Gaus": -0.021141380981066,
    "VaR.Mod": -0.0204800916571323,
    "ES.Hist": -0.0296053068739114,
    "ES.Gaus": -0.0266232120936581,
    "ES.Mod": -0.0436357583039767,
    "MaxDrawdown": 0.398223267390958,
    "UlcerIndex": 0.186946378661986,
    "CAPM.beta": 0.631387471478386,
    "CAPM.alpha": -0.000168301174011334,
    "SpecificRisk": 0.142361284633265,
    "SystematicRisk": 0.15200696658965,
    "BurkeRatio": 0.170707443788928,
    "ModifiedBurkeRatio": 7.23847873480195,
    "Modigliani": 0.00048946684349305,
    "FamaBeta": 0.865320063201686,
    "MeanAbsoluteDeviation": 0.00913976004876005,
    "DownsideFrequency": 0.468854282536151,
    "M2Sortino": 0.0930668518076504,
    "MSquared": 0.106721532889046,
    "MSquaredExcess_geom": -0.0917664126950439,
    "MSquaredExcess_arith": -0.111821304943094,
    "NetSelectivity": -0.096761218660653,
    "OmegaExcessReturn": 0.0162656659042896,
    "OmegaSharpeRatio": 0.0761261875089353,
    "DownsideSharpeRatio": 0.024766127224463,
    "Return.cumulative": 0.878202294582072,
    "Kappa": 0.0356136501110773,
    "AnnualizedExcessReturn": -0.103550644203341,
    "AverageDrawdown": 0.0344894291164577,
    "AverageLength": 38.7333333333333,
    "AverageRecovery": 24.0888888888889,
    "DrawdownDeviation": 0.0130970684756908,
    "CDD": 0.0498920502675049,
    "CDaR.beta": 1.57953798831362,
    "CDaR.alpha": -0.285368394550882,
    "ProbSharpeRatio": 0.859073766017372,
    "MinTrackRecord": 4199.00600560469,
    "HerfindahlIndex": 0.107634478904603,
    "table.InformationRatio": {
      "Tracking Error": 0.0105681396354087,
      "Annualised Tracking Error": 0.167764015775377,
      "Information Ratio": -0.752133258516126
    },
    "table.SpecificRisk": {
      "Specific Risk": 0.142361284633265,
      "Systematic Risk": 0.15200696658965,
      "Total Risk": 0.208261502093451
    }
  }
}
